,,,,,,,,
數據查詢,,,,,,,,
,Answer,SQL語法,正確性,,,,,
告訴我2023年全年銷售總額最高的基金或債券產品。 包含產品名稱與總銷售金額。,"富邦吉祥貨幣市場基金,3854438",,,,,,,
告訴我2023年全年各個基金或債券產品的銷售狀況。 包含每個產品的名稱與其總銷售金額。,,,,,,,,
告訴我2025/04/23到期的債券產品。 包含這些產品的名稱及到期日。,富邦全球投資等級債券,,,,,,,
告訴我哪個基金類型的產品的客戶滿意度最高。 包含產品名稱與客戶滿意度分數。,富邦全球投資等級債券,,,,,,,
告訴我2021年全年銷售總額第二高的基金類型的產品。 包含產品名稱與總銷售金額。,富邦精準基金,,,,,,,
告訴我2023年上半年銷售額最低的基金產品。 包含產品名稱與總銷售金額。,,,,,,,,
告訴我2022年全年銷售總額排名前五的基金類型的產品。 包含產品名稱與銷售總額。,,,,,,,,
,,,,,,,,
告訴我截至目前為止總消費金額最高的客戶。包含客戶姓名與總消費金額。,吳光理 4672978,,,,,,,
告訴我客戶'王亞鬆'對基金類型產品的平均購買金額。包含客戶姓名與購買金額。,47655.32184,,,,,,,
告訴我目前有多少位客戶的居住地址在台北市。,2,,,,,,,
告訴我Email為tracy35@example.org的客戶最近一次購買的產品，包含產品名稱與購買日期。,富邦全球不動產基金,,,,,,,
告訴我所有客戶的平均單筆交易金額。,51937.532,,,,,,,
告訴我所有年齡大於50歲客戶的交易記錄，包含客戶姓名與每筆交易金額。,,,,,,,,
告訴我2023年有交易記錄的台中市客戶及其總交易金額。包含客戶姓名與交易總額。,,,,,,,,
告訴我截至目前為止總消費金額最低的客戶。包含客戶姓名與總消費金額。,,,,,,,,
告訴我購買頻率最高的前五位客戶。包含客戶姓名與購買次數。,,,,,,,,
告訴我2022年全年總消費金額超過50萬的客戶及其消費總額。包含客戶姓名與總消費金額。,,,,,,,,
,Answer,,,,,,,
告訴我目前員工魏宛禹的總業績金額。包含員工姓名。,8299914,,,,,,,
告訴我員工賴芯菡已完成的交易筆數。包含員工姓名。,168,,,,,,,
告訴我平均交易金額最高的員工。包含員工姓名與平均交易金額。,魏于嬋,,,,,,,
告訴我截至目前為止員工黃容旭的總利潤金額。包含員工姓名。,"8,444,527",,,,,,,
告訴我每位員工的平均客戶滿意度。包含員工姓名與平均滿意度分數。 ,,,,,,,,
告訴我在2023年處理最多交易的員工。包含員工姓名與總交易筆數。,,,,,,,,
告訴我處理交易金額超過60000元次數最多的員工。包含員工姓名與該員工的交易總筆數。,,,,,,,,
告訴我2023年平均交易金額最低的員工。包含員工姓名與平均交易金額。 ,,,,,,,,
告訴我所有出生日期在1990年前的員工的總業績金額。包含員工姓名與業績總額。,Answer,,,,,,,
,,,,,,,,
告訴我2021年全年銷售總額最高的基金或債券產品。包含產品名稱與總金額。,富邦吉祥貨幣市場基金 3772466,,,,,,,
告訴我銷售總額排名前三的員工。包含每位員工的姓名與其總銷售額。,,,,,,,,
告訴我2020年銷售業績最佳的員工。包含員工姓名與總業績金額。,,,,,,,,
告訴我單筆金額最高的交易資料。包含交易ID與交易金額。,"ID 1439,  99990",,,,,,,
告訴我每種支付方式的總銷售金額。包含支付方式與總金額。,,,,,,,,
告訴我2023年全年銷售額排名前五的產品。包含產品名稱與銷售總額。,,,,,,,,
告訴我2023年第一季度的總銷售額。,5935717,,,,,,,
告訴我2022年每個月的平均銷售額。(告訴我2022年的平均月銷售金額。),,,,,,,,
告訴我2023年全年淨利潤最高的交易。包含交易ID與淨利潤金額。,,,,,,,,
,,,,,,,,
數據分析,,,,,,,,
,,,,,,,,
告訴我2021~2024年銷售增長最快的債券類型的產品。 包含產品名稱與增長百分比。,,,,,,,,
告訴我2023年全年基金或債券產品的交易取消率。 包含各產品的名稱與取消率。,,,,,,,,
告訴我過去三年內所有交易的買賣比例。 包含買賣比例的詳細數據。,,,,,,,,
,,,,,,,,
,,,,,,,,
,,,,,,,,
,,,,,,,,
,,,,,,,,
,,,,,,,,
